[{
    "id": 1,
    "name": "Nike 耐克官方MERCURIAL VELOCE III AGPRO刺客男子人造草地足球鞋",
    "src": "1.jpg",
    "price": "999",
    "mashu": [37,38,39,40,41,42,43,44,45]
  },{
    "id": 2,
    "name":"Nike 耐克官方 NIKE AIR MAX MOTION LW PREM 男子运动鞋 861537",
    "src":"2.jpg",
    "price":"649",
    "mashu":[37,38,39,40,41,42,43,44,45]
  },{
    "id": 3,
    "name":"Nike 耐克官方 NIKE LUNAR COMMAND BOA 男子高尔夫球鞋704699",
    "src":"3.jpg",
    "price":"1499",
    "mashu":[37,38,39,40,41,42,43,44,45]
  },{
    "id": 4,
    "name":"Nike 耐克官方 NIKE KD TREY 5 IV 男子篮球鞋 844571",
    "src":"4.jpg",
    "price":"799",
    "mashu":[37,38,39,40,41,42,43,44,45]
  },{
    "id": 5,
    "name":"Nike耐克官方MAGISTAORDENIIAG-PRO鬼牌男子人造草地足球鞋843811",
    "src":"5.jpg",
    "price":"999",
    "mashu":[37,38,39,40,41,42,43,44,45]
  },{
    "id": 6,
    "name":"Nike 耐克官方 NIKE ZOOM KD 9 ELITE LMTD EP 男子篮球鞋 AA0942",
    "src":"6.jpg",
    "price":"1399",
    "mashu":[37,38,39,40,41,42,43,44,45]
  },{
    "id": 7,
    "name":"Nike 耐克官方 NIKE SB BLAZER ZOOM MID XT 男/女滑板鞋 876872",
    "src":"7.jpg",
    "price":"799",
    "mashu":[37,38,39,40,41,42,43,44,45]
  },{
    "id": 8,
    "name":"Nike 耐克官方 NIKE SB DUNK LOW TRD QS 男/女滑板鞋 883232",
    "src":"8.jpg",
    "price":"899",
    "mashu":[37,38,39,40,41,42,43,44,45]
  },{
    "id": 9,
    "name":"Nike 耐克官方 NIKE ZOOM VAPOR FLYKNIT HC QS 男子网球鞋916834",
    "src":"9.jpg",
    "price":"1299",
    "mashu":[37,38,39,40,41,42,43,44,45]
  },{
    "id": 10,
    "name":"Nike 耐克官方 NIKE FREE RN CMTR 2017 男子跑步鞋 880841",
    "src":"10.jpg",
    "price":"869",
    "mashu":[37,38,39,40,41,42,43,44,45]
  },{
    "id": 11,
    "name":"Nike耐克官方MERCURIAL SUPERCR7 FG刺客男硬质草地足球运动鞋",
    "src":"11.jpg",
    "price":"2499",
    "mashu":[37,38,39,40,41,42,43,44,45]
  },{
    "id": 12,
    "name":"Nike 耐克官方 NIKE FREE RN MOTION FK 2017 男子跑步鞋 880845",
    "src":"12.jpg",
    "price":"1169",
    "mashu":[37,38,39,40,41,42,43,44,45]
  }]
